{"n_NeuronsPerFCLayers": 11, "n_Epochs": 9, "adamLearningRates": 0.0006831865232531728, "L2Rates": 6.043446367331318, "modelSize": 99.58806991577148, "trainScore": 0.9374114871025085, "devScore": 0.9146034121513367, "testScore": 0.9398331642150879}