{"n_NeuronsPerFCLayers": 11, "n_Epochs": 17, "adamLearningRates": 0.00047149231626001146, "L2Rates": 25.279694464997412, "modelSize": 32.78743362426758, "trainScore": 0.6328446269035339, "devScore": 0.6589972376823425, "testScore": 0.6699260473251343}