{"n_NeuronsPerFCLayers": 14, "n_Epochs": 7, "dropoutRate": 0.9983327588145092, "adamLearningRates": 0.0022808470634193196, "L2Rates": 747.0316446366788, "modelSize": 7.202995300292969, "trainScore": 0.9717356562614441, "devScore": 0.9717353582382202, "testScore": 0.9717353582382202}