{"n_convFilters1": 30, "n_convFilters2": 35, "n_convFilters3": 53, "n_convFilters4": 14, "n_FCLayers": 3, "n_NeuronsPerFCLayers": 11, "n_Epochs": 17, "adamLearningRates": 0.00043397717381490875, "L2Rates": 0.5968520856213626, "modelSize": 1.8352775573730469, "trainScore": 0.9748152494430542, "devScore": 0.9368224143981934, "testScore": 0.9498955011367798}