{"n_convFilters1": 35, "n_convFilters2": 6, "n_convFilters3": 21, "n_convFilters4": 19, "n_FCLayers": 3, "n_NeuronsPerFCLayers": 3, "n_Epochs": 7, "dropoutRate": 0.896533136296084, "adamLearningRates": 0.0007844993526105584, "L2Rates": 0.01300159361497962, "modelSize": 0.6665267944335938, "trainScore": 0.9782325029373169, "devScore": 0.9782315492630005, "testScore": 0.9782315492630005}