{"n_NeuronsPerFCLayers": 1, "n_Epochs": 8, "adamLearningRates": 0.0010105877697272668, "L2Rates": 0.014289040951025234, "modelSize": 56.34272003173828, "trainScore": 0.9905579686164856, "devScore": 0.9840456247329712, "testScore": 0.9876198768615723}