{"n_NeuronsPerFCLayers": 22, "n_Epochs": 1, "dropoutRate": 0.6992889835256672, "adamLearningRates": 0.0012868253482288255, "L2Rates": 0.023008498438124306, "modelSize": 9.101432800292969, "trainScore": 0.983324408531189, "devScore": 0.9893182516098022, "testScore": 0.9942061305046082}