{"n_NeuronsPerFCLayers": 9, "n_Epochs": 3, "adamLearningRates": 0.00010419895529701353, "L2Rates": 0.23297639078150653, "modelSize": 6.015419006347656, "trainScore": 0.997602105140686, "devScore": 0.9891812205314636, "testScore": 0.9913109540939331}